Position,Company,Location,URL
Senior Fullstack Developer (Typescript / Javascript / Node.js),DATATRONiQ,Berlin,https://berlinstartupjobs.com/engineering/senior-fullstack-developer-typescript-javascript-node-js-datatroniq/
Senior Data Scientist,DATATRONiQ,Berlin,https://berlinstartupjobs.com/engineering/senior-data-scientist-datatroniq/
Senior Go Backend Developer,DATATRONiQ,Berlin,https://berlinstartupjobs.com/engineering/senior-backend-developer-golang-m-f-d-datatroniq/
IT Developer,GreenAutarky,Berlin,https://berlinstartupjobs.com/engineering/it-developer-greenautarky-gmbh/
Backend Engineer,EquiMatch,Berlin,https://berlinstartupjobs.com/engineering/backend-engineer-equimatch-gmbh/
Senior Software Engineer – Secure AI Infrastructure,Edgeless Systems,Berlin,https://berlinstartupjobs.com/engineering/senior-software-engineer-secure-ai-infrastructure-edgeless-systems/
Senior Product Engineer,GAIA,Berlin,https://berlinstartupjobs.com/engineering/senior-product-engineer-gaia-law/
Lead Engineer – AI & Logistics,NexDash,Berlin,https://berlinstartupjobs.com/engineering/lead-engineer-ai-logistics-nexdash/
Backend/AI Engineer & UI/UX Engineer,Deep Film Inc.,Berlin,https://berlinstartupjobs.com/engineering/backend-ai-engineer-ui-ux-engineer-deep-film-inc/
Founding Backend/Platform Engineer (Remote),MobileBoost,Berlin,https://berlinstartupjobs.com/engineering/founding-backend-platform-engineer-remote-mobileboost/
Python/AI Senior engineers,Intermezzo,Berlin,https://berlinstartupjobs.com/engineering/python-ai-senior-engineers-intermezzo-inc/
 Binance Accelerator Program Infrastructure Security Python LLM , Binance , Taipei, Taiwan ,https://web3.career/binance-accelerator-program-infrastructure-security-python-llm-binance/141232
 JrMid Python Developer Accounting Team , B2c2 , Remote ,https://web3.career/jr-mid-python-developer-accounting-team-b2c2/138510
 VP of Engineering , Zenith , Remote ,https://web3.career/vp-of-engineering-zenith/141036
 ZIGChain Blockchain Engineer , ZIGChain , Remote ,https://web3.career/zigchain-blockchain-engineer-zigchain/139083
 Senior Software Engineer , Common Prefix , Remote ,https://web3.career/senior-software-engineer-common-prefix/140849
 Software Engineer Python Go Data+Backend , Kronosresearch , Remote ,https://web3.career/software-engineer-python-go-data-backend-kronosresearch/140542
 Fullstack EngineerWeb3 React Node Python , Hotstuff Labs , Remote ,https://web3.career/fullstack-engineer-web3-react-node-python-hotstufflabs/140432
 HFT Network Engineer , Gravity Team , Remote ,https://web3.career/hft-network-engineer-gravity-team/140119
 Senior Software Engineer FullStack Django Android AI Fully Remote , dorbeleitconsulting , New York, NY, United States ,https://web3.career/senior-software-engineer-full-stack-django-android-ai-fully-remote-dorbeleitconsulting/139621
 Algorithmic Forex Crypto Trader , Gravity Team , Remote ,https://web3.career/algorithmic-forex-crypto-trader-gravity-team/138507
 Python AI Engineer , Sherlock , Remote ,https://web3.career/python-ai-engineer-sherlock/111330
 Python Engineer Blockchain team , Wallet , Remote ,https://web3.career/python-engineer-blockchain-team-wallet/133737
 Senior Software Engineer Python Asset Pricing Hedging , Bitpanda , Remote ,https://web3.career/senior-software-engineer-python-asset-pricing-hedging-bitpanda/101436
 Research Engineer — ML RL Agents , Affine.io , Remote ,https://web3.career/research-engineer-ml-rl-agents-affine-io/124332
 Python Engineer Asset Pricing Hedging , Bitpanda , Remote ,https://web3.career/python-engineer-asset-pricing-hedging-bitpanda/103283
 Python Developer , OnTheGoSystems , Remote ,https://weworkremotely.com/remote-jobs/onthegosystems-python-developer
 Senior Backend Developer (Python) , Proxify AB , Sweden ,https://weworkremotely.com/remote-jobs/proxify-ab-senior-backend-developer-python-4
 Senior Software Engineer - Backend/Python - USA Only (100% Remote) , Close , USA ,https://weworkremotely.com/remote-jobs/close-senior-software-engineer-backend-python-usa-only-100-remote-1
 Coding bootcamp - Job Guaranteed , Metana , Learn job-ready skills on your schedule with 1-on-1 support & get a job, or your money back. ,https://weworkremotely.comhttps://link.metana.io/weworkremotely
 Senior Python Engineer , Valory AG , Zug, Switzerland ,https://weworkremotely.com/remote-jobs/valory-ag-senior-python-engineer
 Lead Backend Engineer (Python/Django) , Search Atlas , New York, NY ,https://weworkremotely.com/remote-jobs/search-atlas-lead-backend-engineer-python-django
 Senior Python AI Engineer , Proxify AB , Sweden ,https://weworkremotely.com/remote-jobs/proxify-ab-senior-python-ai-engineer
 Senior Data Engineer (AWS & Python) , Proxify AB , Sweden ,https://weworkremotely.com/remote-jobs/proxify-ab-senior-data-engineer-aws-python
